high,risk values
1,33
10,53.79310345
15,65.34482759
25,88.44827586
50,146.2068966
75,203.9655172
100,261.7241379
min ,
1,
max,
30,